<?xml version="1.0" encoding="UTF-8"?>
<project-private xmlns="http://www.netbeans.org/ns/project-private/1">
    <editor-bookmarks xmlns="http://www.netbeans.org/ns/editor-bookmarks/2" lastBookmarkId="0"/>
    <open-files xmlns="http://www.netbeans.org/ns/projectui-open-files/2">
        <group>
            <file>file:/C:/FPOO204/CrudUser204/src/FormConsulta.java</file>
            <file>file:/C:/FPOO204/CrudUser204/src/FormUser.java</file>
            <file>file:/C:/FPOO204/CrudUser204/src/Menu.java</file>
            <file>file:/C:/FPOO204/CrudUser204/src/UserCRUD.java</file>
            <file>file:/C:/FPOO204/CrudUser204/src/ConexionMySQL.java</file>
            <file>file:/C:/FPOO204/CrudUser204/src/FormActualizar.java</file>
            <file>file:/C:/FPOO204/CrudUser204/src/FormEliminar.java</file>
        </group>
    </open-files>
</project-private>
